O,C,E,A,N
61.44,34.93,54.29,71.42,46.81
66.62,62.97,41.49,59.2,46.32
37.12,42.06,41.84,60.18,73.8
47.2,68.88,67.44,67.85,56.81
61.01,40.72,52.0,32.81,39.17
33.83,37.26,45.35,63.27,44.12
55.16,51.06,66.34,39.06,36.25
38.98,46.11,73.08,32.48,55.02
33.34,64.7,35.06,46.66,72.74
32.79,69.97,47.68,42.02,73.07
38.38,63.7,33.25,52.26,59.56
62.71,73.52,43.94,47.14,39.05
60.93,71.28,39.13,41.66,48.45
54.39,66.77,43.56,42.25,41.16
49.17,36.87,72.16,63.62,63.72
63.81,32.74,68.03,46.72,56.04
38.93,34.22,64.32,49.86,38.43
37.37,58.13,57.27,74.15,56.37
73.79,67.42,50.0,65.78,36.16
36.06,52.15,60.41,58.62,62.17
43.78,66.4,72.3,69.02,39.2
62.62,48.15,58.01,60.26,41.3
33.42,68.9,59.12,63.54,52.72
37.35,35.01,44.54,53.34,45.47
39.84,44.34,73.4,49.0,47.5
39.04,37.92,58.36,34.71,68.11
43.59,71.09,71.08,46.45,54.34
46.5,51.04,60.38,34.01,51.3
42.44,55.03,56.48,45.52,60.28
66.1,45.03,72.61,58.67,44.28
69.14,45.68,54.43,58.42,59.31
62.14,42.9,57.38,45.42,50.8
48.9,67.13,50.98,73.68,48.07
33.84,45.83,50.68,73.46,34.12
47.76,37.24,60.61,50.88,40.64
45.45,71.3,40.47,42.25,71.94
65.56,51.66,62.42,43.53,51.77
68.17,43.93,37.71,57.99,35.35
51.75,52.72,70.6,42.2,42.4
68.85,35.15,72.84,48.34,47.44
44.26,39.28,71.55,58.88,36.76
67.33,65.26,63.85,38.57,41.88
61.83,41.82,55.36,45.08,49.17
36.09,33.32,71.23,57.87,43.68
47.08,74.06,57.79,35.79,58.66
53.92,39.21,35.31,63.62,72.67
73.58,57.71,43.78,58.91,43.15
66.83,40.08,52.9,42.26,60.54
33.32,65.85,71.42,41.37,72.0
69.06,48.57,33.15,48.7,49.98
62.29,70.46,37.08,50.51,71.72
47.03,42.18,55.97,59.79,61.73
38.48,48.65,55.12,39.58,57.48
48.27,37.84,36.19,69.42,57.65
49.65,56.26,37.43,45.36,33.06
50.87,48.14,40.45,40.17,63.76
39.24,38.25,48.6,62.34,68.06
42.19,42.02,45.18,62.94,35.77
71.85,39.43,42.56,43.7,44.03
62.83,48.53,55.64,42.22,34.34
48.75,62.27,50.81,53.91,50.55
68.06,55.57,67.07,55.27,33.81
73.13,45.58,71.01,72.75,67.79
43.02,64.71,46.11,68.32,62.87
53.65,58.07,35.49,64.71,53.29
36.35,43.46,39.4,49.25,59.15
45.32,66.25,52.62,44.96,67.11
46.78,48.06,65.44,37.57,49.43
65.06,67.74,34.45,73.76,67.52
60.04,35.35,44.21,53.9,54.54
49.82,41.23,66.81,65.73,67.6
57.16,40.93,69.36,40.87,34.4
42.02,61.88,57.01,49.36,43.55
48.16,47.58,52.29,41.72,49.46
71.26,65.21,58.12,35.24,37.11
61.53,51.87,51.77,46.33,49.75
42.5,46.54,49.39,37.56,43.04
52.88,58.07,38.0,41.22,64.64
57.31,61.13,51.78,46.97,33.79
54.15,39.62,56.02,67.05,70.04
67.31,54.73,56.09,44.81,72.35
54.94,65.47,71.68,42.48,40.71
61.43,43.55,72.03,60.79,33.01
64.34,33.58,58.07,46.52,44.25
52.78,38.9,72.4,44.83,51.95
56.12,64.93,72.58,35.59,58.71
55.9,41.36,53.07,59.57,73.78
47.01,39.46,44.38,71.29,35.21
48.18,69.69,59.26,47.91,33.2
54.77,34.83,69.33,69.89,59.93
69.95,59.63,43.63,53.13,54.45
36.44,35.1,40.94,55.06,66.92
36.05,48.73,33.9,63.52,63.1
55.53,61.15,37.94,68.97,47.19
32.63,58.2,68.84,46.37,73.46
70.6,70.97,49.39,64.13,40.57
55.72,33.98,62.08,47.04,35.09
49.77,32.4,70.41,46.93,66.59
52.56,40.33,63.51,74.09,49.74
61.86,32.41,39.47,42.93,44.09
57.54,69.53,36.35,74.1,70.07
64.6,41.47,33.12,54.76,45.72
54.56,57.79,55.41,63.36,36.76
41.16,70.26,49.63,48.91,43.61
59.88,39.01,39.43,49.69,71.1
63.52,38.12,56.19,66.36,59.72
60.27,49.62,50.01,58.78,35.07
72.87,36.57,38.55,60.46,53.45
33.44,50.67,53.37,38.37,69.75
53.46,56.72,33.04,73.87,52.22
65.15,33.61,61.21,48.55,41.14
72.2,37.83,57.86,34.13,71.69
36.58,34.39,56.13,54.37,64.92
72.7,34.83,71.46,67.26,43.83
40.72,67.01,39.72,49.44,66.83
62.09,48.73,37.34,70.49,73.32
68.5,37.4,40.76,65.08,46.68
74.13,58.4,62.46,63.04,50.27
59.54,58.03,35.97,51.55,46.31
45.91,41.28,61.04,70.88,46.82
72.12,69.58,33.95,49.35,49.24
42.24,68.17,62.32,69.97,52.84
72.32,46.59,48.5,67.22,73.1
39.96,57.12,56.06,39.26,51.25
54.23,45.72,37.43,70.3,53.95
37.01,38.4,35.89,47.98,61.7
61.03,36.92,65.03,56.0,49.99
46.42,42.24,39.12,60.47,72.46
46.55,56.62,49.05,64.81,57.26
37.81,36.46,44.67,42.93,47.7
51.94,60.69,42.68,62.98,48.73
74.12,68.6,57.78,42.69,54.49
32.77,59.12,34.15,48.67,62.75
61.59,59.33,54.08,68.29,34.44
49.21,67.96,41.7,52.88,36.23
36.09,32.95,51.67,52.99,66.36
46.41,62.74,35.99,68.94,33.93
68.12,56.39,54.97,66.93,41.89
57.68,36.17,67.86,45.66,46.03
37.15,39.4,39.73,73.63,41.91
54.56,69.81,68.6,44.85,72.53
58.55,39.03,39.79,52.17,37.75
39.32,71.41,34.95,43.22,61.44
34.5,48.03,56.99,59.8,32.38
74.13,69.43,66.26,44.3,40.6
42.5,45.4,54.27,50.5,59.23
56.73,72.87,44.12,64.07,38.62
55.59,55.11,47.94,55.32,53.05
68.95,68.43,61.6,32.77,36.02
46.02,65.91,73.5,64.53,46.6
49.18,64.24,44.51,37.11,49.81
33.92,35.76,67.65,63.75,53.23
60.86,35.3,72.99,73.83,45.02
55.91,50.8,35.84,50.54,62.91
39.47,58.03,65.13,62.89,51.07
67.84,41.22,44.7,55.26,72.56
69.25,41.49,66.55,49.64,43.07
36.98,40.31,56.63,36.92,57.79
49.55,67.53,47.57,70.2,55.76
62.44,48.11,38.54,72.0,50.46
52.34,69.18,36.54,61.03,58.11
67.27,70.02,72.22,62.9,32.86
69.93,74.16,72.04,52.38,56.25
53.72,55.91,64.11,54.04,56.94
33.36,63.34,66.18,63.84,67.66
42.29,34.23,32.65,45.22,59.02
62.45,52.96,33.28,49.61,56.11
51.33,72.17,64.08,58.41,53.81
70.26,61.15,59.35,65.05,36.8
49.12,34.62,35.51,37.02,56.65
72.52,66.54,38.64,72.22,52.08
47.11,62.08,43.85,72.8,49.24
69.68,72.01,47.92,48.12,58.33
63.38,35.85,45.39,37.91,71.06
54.4,34.13,74.01,69.07,32.4
65.82,60.2,64.9,46.11,45.43
64.69,63.33,67.41,66.25,69.53
69.79,61.81,70.5,64.57,65.71
42.43,51.94,47.74,63.94,38.07
55.61,40.59,52.63,63.82,74.19
50.16,51.73,73.85,57.48,72.09
69.81,60.0,33.0,63.58,40.09
57.35,32.5,51.98,62.72,33.74
49.33,51.12,71.65,63.5,57.8
36.47,48.34,50.23,52.73,56.23
68.62,48.76,44.8,39.41,44.29
37.74,46.8,49.95,36.75,56.73
41.12,57.68,68.45,37.97,65.43
54.96,39.73,54.57,38.26,41.11
33.45,57.18,38.22,74.0,47.07
53.71,65.03,40.64,62.36,59.16
43.88,43.55,58.87,39.77,57.63
33.5,59.89,39.18,48.09,70.49
65.49,57.63,66.92,34.42,39.1
51.77,46.08,56.46,65.29,45.92
37.99,34.64,52.95,62.73,54.86
65.1,54.29,38.14,69.4,34.49
65.0,58.39,43.67,47.09,68.1
56.91,62.09,41.34,43.72,58.17
60.37,41.37,33.51,53.31,49.43
37.16,62.03,37.5,55.67,53.74
43.83,67.99,71.26,73.99,71.85
74.14,51.83,72.79,59.5,67.29
42.7,57.27,54.88,65.8,65.59
36.21,37.23,71.65,70.38,56.4
66.4,34.94,49.13,40.96,63.4
66.17,52.96,43.35,39.36,40.86
72.37,52.85,60.01,50.03,58.78
63.8,35.41,74.05,45.06,72.62
67.51,39.94,68.52,63.94,38.71
45.78,52.08,69.11,74.04,48.24
61.46,46.57,32.8,35.28,56.5
46.66,72.71,59.37,50.17,36.37
67.31,72.34,41.71,68.25,44.1
61.86,42.72,54.01,51.51,36.62
53.17,64.25,40.4,52.16,33.75
50.02,51.65,39.69,68.98,61.89
58.47,48.41,49.87,70.11,54.57
59.94,43.44,37.52,46.78,50.81
73.8,56.82,36.18,41.41,63.39
51.51,69.35,56.14,52.05,71.99
41.29,37.83,66.09,36.05,43.62
59.05,33.35,46.98,49.78,62.5
47.17,72.21,46.83,57.91,44.37
34.06,42.25,34.54,43.79,64.31
62.64,43.09,56.78,67.54,69.72
73.63,57.52,56.61,33.16,40.54
55.72,44.18,45.83,69.47,46.69
57.3,58.33,52.53,65.07,48.6
58.82,74.21,44.97,45.78,57.31
38.06,60.04,69.02,53.37,65.06
41.63,71.62,58.66,49.09,61.03
54.19,69.62,34.91,61.02,42.23
54.46,64.82,43.86,48.75,65.68
69.15,34.93,40.29,44.75,71.75
34.67,60.85,70.76,52.75,34.17
53.83,56.76,51.27,35.23,35.39
74.09,36.68,64.31,65.99,59.82
55.46,56.78,62.74,64.52,59.93
65.38,37.69,58.32,36.29,59.17
49.63,32.46,51.28,45.63,41.73
52.61,54.81,33.61,41.48,71.39
43.75,40.54,67.26,56.87,74.02
53.53,57.18,38.12,56.38,43.74
69.58,40.41,57.65,41.5,40.82
55.9,40.05,57.26,36.88,65.84
73.98,61.95,37.18,66.78,60.2
48.13,59.75,70.33,44.31,63.15
37.76,64.05,48.58,53.88,36.91
55.89,72.15,51.87,56.74,72.82
59.7,43.76,57.56,57.28,60.79
40.37,63.94,59.57,73.16,46.95
33.64,38.86,64.31,54.65,38.16
42.66,40.16,37.06,48.42,59.49
69.43,69.57,49.76,47.59,47.8
35.72,39.9,69.88,71.18,41.11
54.88,34.57,50.24,51.88,40.89
37.56,67.2,47.88,34.53,51.81
49.28,48.08,48.51,53.63,56.83
35.07,58.52,46.4,56.14,51.34
71.34,66.5,35.92,43.13,57.94
68.88,53.48,66.28,68.28,65.69
59.41,64.12,44.38,57.81,45.49
66.8,56.05,46.89,49.53,44.52
71.43,39.55,55.84,36.72,38.38
56.89,39.21,48.25,38.73,52.03
51.99,67.52,42.53,63.53,51.62
44.2,37.58,69.11,60.55,33.44
57.44,43.28,35.53,37.44,41.17
59.83,51.61,66.22,56.99,44.53
48.35,34.32,36.09,71.01,49.87
34.45,63.53,56.28,33.73,61.62
38.38,60.49,33.02,55.9,49.02
58.39,37.56,35.12,67.9,63.89
58.33,35.24,54.55,58.43,33.18
35.2,53.5,60.3,45.8,55.54
45.38,42.75,72.37,65.57,66.5
45.66,65.27,47.57,44.1,61.03
35.04,35.19,59.73,44.36,47.29
44.55,35.22,70.64,53.21,53.63
63.01,32.5,43.65,72.63,52.34
57.18,62.32,68.88,49.84,57.12
69.57,41.88,40.29,52.33,67.71
49.73,46.72,42.38,71.23,37.38
63.6,59.63,41.34,73.45,51.19
36.66,54.86,32.81,57.16,64.14
69.8,60.59,53.7,39.03,34.31
47.37,65.6,38.03,47.32,46.95
48.37,71.96,67.18,47.69,70.85
52.29,59.17,52.92,58.29,34.81
62.08,32.66,37.64,47.41,41.17
36.33,52.5,65.12,51.63,60.05
62.37,42.76,72.92,56.98,60.59
49.29,51.82,40.66,32.96,46.18
72.07,44.91,54.16,36.64,45.42
60.75,52.5,50.79,71.37,48.82
65.23,35.46,43.14,53.85,58.57
33.49,41.37,53.71,50.78,71.63
53.28,55.19,65.24,67.27,73.68
40.73,45.72,65.13,41.24,57.52
53.86,55.9,39.39,63.98,57.58
32.88,54.13,37.31,71.83,61.03
59.68,70.96,73.86,52.4,59.88
61.01,72.27,35.54,57.47,51.33
58.0,74.07,36.05,59.87,56.29
37.4,63.62,43.25,34.43,43.8
55.81,33.76,53.4,36.53,59.72
38.66,66.79,41.64,43.99,40.35
71.54,43.47,61.68,50.5,33.06
71.92,36.43,53.25,41.64,63.51
47.45,33.9,50.98,47.58,60.1
46.65,39.17,45.35,64.93,46.97
47.84,45.99,62.08,33.5,45.78
60.12,41.83,44.87,66.9,72.94
38.13,46.1,70.65,41.47,61.69
56.63,48.11,69.26,71.43,59.64
49.21,53.78,51.41,73.14,41.88
46.36,32.63,49.21,39.31,37.35
69.85,69.03,58.65,70.17,74.16
34.51,65.27,33.15,40.01,39.61
71.93,65.9,42.92,59.62,34.91
34.57,43.83,40.96,46.54,48.87
68.54,69.41,37.47,56.88,66.03
65.05,61.59,64.79,33.28,61.79
49.01,73.01,41.6,43.84,35.42
50.86,43.36,47.1,45.71,40.48
48.17,59.8,54.0,39.46,56.48
51.42,60.33,66.09,62.27,59.24
41.82,55.69,49.31,52.86,38.33
57.7,41.01,67.95,69.83,44.81
42.67,46.79,57.62,54.02,38.43
52.69,70.97,49.74,66.4,51.67
60.44,68.83,71.8,73.24,44.69
52.43,66.29,65.95,39.08,62.14
63.37,70.07,50.21,60.48,45.07
33.46,55.74,41.45,35.58,34.42
73.79,53.49,58.57,52.05,53.01
35.05,60.45,69.1,47.89,59.81
39.76,53.36,53.35,54.05,49.22
43.39,55.17,36.11,37.93,66.88
52.95,65.33,58.43,55.0,40.39
43.91,43.66,44.19,57.76,66.11
71.81,33.16,61.39,54.9,57.69
45.46,66.22,38.47,64.52,72.81
61.39,60.34,56.26,72.85,60.87
56.8,54.36,66.55,65.61,35.19
45.03,56.31,51.98,62.55,48.77
54.27,67.18,65.32,73.32,36.5
64.64,71.18,46.36,70.27,57.59
64.41,52.26,74.21,37.57,41.5
32.59,38.96,48.64,34.22,41.23
63.84,73.5,55.68,61.42,44.18
73.49,69.38,36.47,66.65,65.14
43.55,34.35,41.94,52.23,67.69
56.19,36.62,64.76,40.1,45.31
38.14,57.4,51.0,42.27,42.56
41.32,68.23,54.33,72.94,57.68
66.19,39.05,62.74,42.9,69.6
74.21,70.28,58.98,32.56,39.44
67.79,40.59,48.5,73.14,61.35
44.74,46.08,43.57,69.41,70.76
52.7,46.49,49.67,48.74,52.29
44.25,73.7,56.65,60.85,72.68
67.27,64.83,39.86,38.55,68.25
41.36,36.05,73.51,36.76,55.04
56.71,54.56,52.48,54.26,61.55
47.67,43.7,65.93,53.9,52.41
52.28,57.18,73.4,73.84,63.36
66.74,34.05,46.07,45.74,56.95
40.81,54.84,67.13,42.56,49.68
43.45,57.08,42.48,71.0,65.49
40.05,61.65,45.75,72.54,65.78
63.48,70.99,40.37,36.6,47.65
52.59,70.06,63.04,72.61,41.78
37.53,62.37,44.17,36.9,39.37
44.65,54.51,72.91,47.82,64.1
35.52,40.99,55.75,47.82,50.16
48.93,43.16,47.65,54.56,54.75
74.2,65.13,68.97,60.62,56.72
65.67,71.83,58.51,72.84,49.86
56.02,73.05,73.51,41.84,61.78
33.31,50.44,68.37,58.34,68.2
50.27,72.34,64.68,65.08,66.55
51.86,36.52,66.06,58.04,33.49
33.87,54.84,63.9,42.42,44.96
45.68,60.83,40.36,50.48,69.68
34.01,60.32,52.95,33.89,68.0
38.53,40.59,54.33,43.03,36.27
49.03,32.8,62.6,51.15,57.64
59.85,67.88,47.77,53.67,50.43
52.9,50.38,55.57,61.58,64.63
66.01,62.59,53.24,49.95,57.77
71.05,33.37,62.18,58.96,47.61
47.48,39.16,54.76,41.77,68.42
63.68,70.06,61.9,59.04,58.44
42.25,67.67,42.34,49.36,40.61
57.47,51.71,63.23,68.97,48.26
62.38,35.31,38.9,64.47,62.91
70.02,45.81,39.35,55.08,58.16
73.47,60.19,59.44,58.22,42.23
39.36,72.97,44.98,64.81,45.36
43.31,35.59,49.15,38.05,46.58
41.67,62.38,72.73,55.71,44.98
40.53,72.38,66.2,46.61,53.63
73.0,36.57,74.14,46.36,56.5
74.19,35.25,73.87,54.97,53.45
68.87,43.59,51.04,72.31,69.4
46.14,68.52,42.37,62.2,72.25
67.74,65.96,74.09,37.65,72.16
48.11,58.98,46.94,39.81,72.95
74.15,38.0,46.87,33.44,50.08
58.78,63.74,68.21,41.28,45.8
56.1,71.68,73.12,58.76,34.87
72.91,69.79,49.07,36.37,42.62
50.15,34.7,48.78,70.85,62.31
42.37,56.19,59.54,37.91,71.54
71.71,43.25,56.28,47.8,70.11
62.11,34.03,70.33,44.44,53.21
57.24,60.86,73.71,33.41,34.95
69.06,48.35,61.65,63.91,37.3
34.56,63.94,67.57,70.36,51.13
45.54,36.28,70.97,45.25,60.12
38.73,47.78,47.95,60.95,70.41
44.82,70.48,40.31,36.34,45.7
59.04,61.33,68.71,42.87,60.59
53.6,36.04,64.06,60.79,41.48
47.47,65.31,33.38,37.57,66.23
38.33,55.49,62.72,64.36,70.73
34.9,38.56,74.0,56.09,55.68
47.51,57.37,68.6,57.54,59.97
47.57,63.28,33.78,52.86,36.69
56.05,60.41,71.34,40.8,46.56
45.28,73.15,72.48,39.37,37.67
73.12,51.43,56.88,44.23,54.75
72.2,66.17,43.1,43.89,52.39
63.17,64.16,33.85,63.64,49.47
36.49,55.21,65.43,62.98,45.7
64.65,61.78,32.49,58.29,38.7
57.42,37.13,36.84,34.51,58.77
51.98,42.97,63.32,57.97,40.99
39.6,58.52,34.88,53.17,71.52
62.64,63.26,54.44,33.09,57.6
35.2,72.7,69.78,41.39,36.44
72.56,59.09,34.68,52.48,49.51
42.41,64.6,35.67,51.34,71.29
64.02,54.87,32.56,73.67,59.61
53.2,60.53,41.97,64.2,48.94
36.95,55.99,39.1,45.54,73.37
61.01,54.25,39.98,33.73,33.04
60.44,59.47,70.14,34.8,41.91
35.55,49.2,52.46,67.5,46.05
32.75,35.05,53.44,49.3,48.68
70.95,65.45,54.05,56.3,40.13
39.68,48.71,43.09,45.25,53.5
62.48,40.76,46.15,62.74,51.63
46.0,59.05,34.58,37.14,54.27
59.33,34.62,52.58,63.32,51.63
56.06,39.54,36.42,39.85,64.31
40.1,50.13,52.03,51.85,72.24
39.41,35.48,71.9,62.46,71.95
43.68,64.64,73.16,59.83,33.93
61.63,72.7,53.06,47.95,55.44
60.57,72.46,67.87,37.9,49.62
55.34,50.02,66.45,51.05,52.77
55.7,65.55,47.8,37.4,56.37
65.4,70.1,48.61,67.95,40.91
60.46,43.34,38.8,72.39,50.48
61.49,63.0,64.72,56.67,52.74
69.02,69.42,45.82,40.69,66.83
50.81,52.97,50.45,38.45,56.25
62.71,38.11,61.77,33.34,66.91
65.69,50.62,39.62,62.44,56.94
63.54,50.67,52.55,40.48,69.19
62.39,60.97,38.62,39.21,74.22
65.78,58.72,43.35,38.69,72.95
66.88,39.24,71.8,47.96,59.96
37.8,47.17,59.81,40.9,39.89
70.7,58.59,50.03,50.32,42.42
40.84,72.17,60.4,73.13,51.28
67.29,73.1,53.86,72.97,61.02
60.04,47.13,37.08,43.47,69.64
70.28,71.75,68.73,44.72,57.28
35.38,59.57,39.63,70.9,50.04
49.13,47.84,32.68,53.12,55.09
46.45,66.84,73.36,70.08,35.56
68.26,36.37,72.09,55.72,41.97
67.41,58.68,41.71,36.83,42.24
70.22,49.78,42.46,63.77,38.65
50.39,44.34,55.56,65.03,35.53
70.57,57.66,46.5,55.71,58.85
39.36,53.51,69.01,63.91,34.9
39.14,39.05,58.04,61.65,39.55
67.62,62.32,43.15,47.48,61.51
35.37,50.32,67.58,43.73,49.23
66.15,58.54,35.81,41.41,53.23
69.76,68.27,51.67,64.61,44.44
35.04,51.76,39.63,33.09,69.08
71.49,55.79,66.3,32.76,67.11
37.83,33.05,58.08,63.36,69.03
45.38,62.01,39.71,58.74,42.33
36.55,61.24,71.07,39.57,57.2
66.32,56.4,59.18,58.31,48.18
61.9,45.24,40.28,67.02,70.87
34.96,35.37,63.6,71.65,48.07
44.89,63.43,64.27,54.3,56.2
36.44,40.61,49.55,60.17,37.67
49.53,41.63,37.63,66.88,67.23
51.53,35.28,35.21,70.98,44.67
69.91,49.74,35.98,33.8,52.01
51.01,69.12,70.79,58.85,45.65
39.96,62.12,59.8,70.93,36.94
40.96,47.3,55.72,55.65,44.7
46.21,59.64,32.88,58.79,59.75
48.11,42.91,40.34,56.32,62.69
62.78,53.91,65.22,67.49,47.74
50.35,36.76,55.2,33.87,73.77
57.82,65.92,47.23,61.28,42.17
57.51,40.33,40.52,63.3,65.5
60.16,65.35,61.44,32.61,33.43
56.15,35.49,35.54,70.72,63.23
59.92,47.87,69.38,48.57,72.03
33.82,41.24,44.83,61.5,49.44
61.89,33.98,36.65,65.43,72.89
38.54,54.0,52.32,58.97,50.43
41.49,55.52,63.75,41.73,64.1
52.51,40.34,35.06,50.09,73.35
57.62,59.41,50.14,68.07,66.1
38.44,61.04,47.08,65.87,51.25
36.26,45.98,34.56,65.36,72.28
63.59,45.54,61.36,71.55,38.0
45.67,32.4,49.18,41.33,73.53
60.94,54.91,58.14,63.09,41.78
53.4,42.54,48.36,59.05,51.46
34.69,50.19,69.03,35.54,61.92
65.76,34.67,53.42,45.39,63.39
59.11,59.71,53.41,69.78,63.73
33.63,56.22,58.6,49.84,67.71
40.54,36.6,60.68,73.93,63.41
60.08,33.09,73.48,55.24,49.18
66.89,68.53,44.69,47.58,43.54
63.86,72.3,48.2,53.22,44.49
66.86,61.66,52.79,52.37,47.48
73.06,53.33,47.66,49.45,69.39
53.18,64.55,44.93,50.79,38.79
43.65,61.86,33.91,41.9,61.85
38.94,34.35,43.97,64.29,59.94
68.49,66.32,52.22,41.78,68.31
35.75,48.51,70.61,34.64,34.53
70.45,48.86,42.88,48.75,64.82
63.4,69.94,33.77,56.0,32.91
63.11,34.11,32.5,70.26,45.3
54.97,48.59,65.81,57.91,73.42
72.0,40.1,53.01,63.3,55.38
52.42,68.17,72.99,45.04,44.38
52.98,65.68,56.58,44.99,55.25
37.58,39.07,64.62,60.96,67.55
49.0,50.27,40.94,47.3,51.39
62.12,64.29,46.24,71.59,52.68
45.16,64.57,55.19,48.33,73.33
37.54,62.88,38.1,59.06,63.17
66.8,53.48,48.89,73.18,45.02
55.5,63.38,34.15,42.69,38.47
55.74,51.99,35.51,44.42,47.95
37.25,57.87,33.36,41.33,45.88
43.3,34.56,53.34,64.62,58.05
70.84,67.14,61.94,61.69,61.5
57.86,45.36,43.47,36.23,55.54
66.96,49.59,44.76,37.72,73.46
43.2,70.27,49.27,58.87,70.92
65.85,34.17,47.49,43.0,42.88
46.44,43.74,52.47,41.85,41.53
44.21,37.14,32.66,62.1,57.47
67.0,39.95,33.45,35.38,51.86
56.67,43.1,55.32,41.81,52.18
73.31,35.01,63.05,61.58,50.72
71.35,60.99,51.03,39.03,65.79
38.4,34.47,71.49,71.21,48.56
71.3,55.79,35.45,47.45,51.96
48.71,71.99,64.61,51.97,35.93
33.4,65.33,44.07,34.09,64.89
67.54,43.41,67.79,58.16,49.77
38.7,35.03,66.86,38.88,58.86
52.67,55.33,60.42,55.66,58.57
47.04,40.76,51.66,60.55,48.61
70.2,48.12,35.27,71.85,55.53
70.2,70.72,36.22,37.0,68.79
54.8,47.66,52.78,32.97,53.22
32.64,68.16,58.28,47.35,57.22
73.65,69.87,47.57,49.97,38.58
51.55,67.67,36.73,60.09,46.68
67.52,40.83,65.2,62.39,69.56
59.68,69.09,51.09,42.01,48.44
56.49,66.7,34.63,53.88,63.16
40.38,65.54,33.13,43.21,36.08
55.78,64.15,41.75,54.0,32.42
49.12,46.13,62.39,33.29,46.35
58.2,74.05,46.69,59.6,44.92
36.13,45.71,71.73,69.06,64.7
69.9,40.38,58.73,64.32,45.2
71.83,44.61,41.13,40.18,35.49
71.09,44.94,65.95,37.4,60.02
52.96,63.6,43.95,73.39,57.33
55.59,40.61,42.02,62.94,37.87
50.82,63.78,51.26,43.76,62.5
68.01,49.7,33.9,59.81,74.11
52.2,60.46,36.74,68.76,33.1
52.13,55.33,56.08,48.98,45.45
44.72,64.71,37.35,41.63,49.19
59.91,38.67,41.21,44.95,44.69
40.19,62.1,51.08,32.52,55.03
71.42,63.75,35.13,71.94,43.2
48.72,46.63,64.79,61.74,48.14
46.59,66.67,64.59,55.2,65.03
40.07,56.23,64.36,35.61,37.94
33.84,68.08,44.44,50.25,70.16
33.82,70.72,68.64,39.84,67.84
62.83,39.72,50.83,72.72,64.69
49.98,52.75,56.26,41.14,47.15
69.21,35.42,48.23,43.0,61.52
59.58,33.83,65.37,55.98,35.41
38.51,32.8,62.99,41.91,57.67
51.49,64.13,49.53,46.72,37.35
65.91,54.12,47.45,35.46,71.31
56.56,66.19,73.0,58.64,60.22
38.36,54.96,38.18,57.64,54.26
50.45,71.48,46.07,68.05,34.9
59.5,35.28,53.02,33.76,39.78
34.39,51.81,50.16,46.47,33.87
56.87,46.22,49.18,47.07,32.73
46.53,40.7,58.29,34.77,68.12
55.55,42.07,42.57,42.3,41.26
36.61,55.25,69.47,53.1,48.26
65.28,39.02,40.7,42.27,40.59
63.36,47.01,58.99,33.18,53.81
58.27,46.63,58.38,36.29,73.21
54.47,41.7,67.58,53.97,43.38
51.07,37.51,72.91,57.1,54.8
35.27,63.63,43.21,32.89,61.21
59.99,65.86,45.66,51.04,53.57
49.35,52.7,73.53,49.87,60.15
67.69,63.31,53.78,48.1,46.03
50.5,36.45,37.11,34.25,65.36
60.9,53.89,47.77,48.34,45.06
58.23,55.38,57.23,57.56,37.59
35.1,57.88,36.36,58.56,56.4
48.71,51.27,34.01,57.13,64.68
45.42,57.92,70.96,35.74,59.43
36.75,68.74,36.36,35.09,59.94
38.39,71.59,72.91,48.31,73.06
63.05,63.31,33.08,34.66,46.88
49.9,69.02,33.67,50.46,47.73
50.68,55.57,71.8,36.62,73.44
48.24,35.03,46.06,59.09,63.75
52.31,35.59,55.48,45.13,68.09
62.35,73.74,73.48,39.16,45.33
48.05,34.08,74.18,36.85,54.2
69.72,58.0,60.03,40.05,45.87
35.73,72.21,58.24,64.46,60.97
59.95,37.83,55.48,58.87,58.96
45.99,42.12,69.69,61.72,73.85
68.64,71.8,66.25,62.75,54.17
47.84,74.04,53.2,63.28,57.62
40.63,65.46,33.84,68.97,49.1
54.6,71.32,69.55,47.55,55.11
69.2,55.21,58.02,72.7,54.26
48.08,68.69,44.84,72.77,33.35
65.68,50.93,50.51,51.2,72.21
61.33,55.16,35.44,49.33,69.19
68.72,40.05,43.99,73.02,36.39
33.1,72.53,73.12,49.55,67.17
39.82,54.55,67.97,63.19,64.41
41.25,48.95,42.39,46.02,37.15
44.19,63.98,53.35,64.66,65.89
65.02,58.0,66.94,50.1,48.29
68.88,41.01,54.72,51.58,47.94
68.52,64.95,54.6,51.57,48.59
36.78,36.23,70.85,41.04,52.15
60.45,56.24,44.25,39.38,65.8
37.67,57.85,34.19,58.44,63.48
50.82,38.49,57.21,34.57,59.38
36.29,58.54,44.17,47.39,68.25
40.12,63.82,62.14,34.89,53.66
49.81,55.69,37.35,70.39,33.96
40.1,70.86,53.41,33.86,61.04
63.41,42.43,56.96,48.37,64.95
59.95,54.24,33.92,51.89,46.01
34.35,37.62,54.51,52.17,42.54
46.77,40.13,35.69,73.02,68.61
41.58,72.99,69.81,45.84,71.92
58.13,72.28,36.46,49.42,64.32
64.25,35.3,64.52,40.7,40.21
50.94,61.0,54.32,56.54,59.57
69.67,65.14,41.41,56.01,70.37
59.41,43.18,58.56,44.21,61.44
43.57,46.59,52.31,67.65,65.99
67.16,49.73,73.15,69.86,51.26
65.32,45.71,64.26,71.57,44.73
45.52,68.34,48.27,66.75,50.86
49.02,46.21,64.78,40.84,46.71
48.77,66.51,36.79,38.72,65.76
45.94,35.76,34.11,48.15,50.17
47.91,38.39,69.54,42.85,34.47
44.83,38.63,50.63,50.75,53.86
49.94,32.8,55.37,38.09,33.68
38.39,63.41,35.97,67.0,69.72
37.2,32.73,59.91,34.62,67.49
43.07,67.18,36.73,63.05,32.86
35.8,70.28,41.38,58.5,55.87
38.73,52.89,36.29,58.98,43.27
57.11,47.11,37.01,48.65,65.17
33.24,69.95,59.09,49.15,60.84
51.09,38.13,54.21,58.14,71.32
39.94,40.76,62.38,42.14,49.06
64.19,40.52,44.58,51.01,50.31
51.69,72.09,50.33,33.76,61.3
66.23,44.87,36.97,60.6,54.4
58.74,62.4,72.8,73.84,68.69
51.34,63.98,50.96,60.69,40.86
74.2,65.89,67.06,36.88,45.35
56.85,60.24,67.56,61.48,39.55
70.1,60.0,65.21,61.36,73.36
60.42,38.87,56.76,55.85,66.33
53.17,64.81,57.18,33.15,33.57
51.54,40.89,38.06,60.99,64.49
38.03,44.48,53.62,44.47,33.35
37.07,66.91,69.23,64.63,41.54
42.24,59.97,65.99,38.51,53.65
43.81,52.34,48.72,55.08,67.64
55.42,54.83,55.88,72.12,64.85
58.23,58.21,50.31,39.42,39.64
69.57,41.29,50.87,52.62,60.54
34.05,47.95,54.15,64.28,43.49
55.17,38.95,64.6,69.4,70.53
61.42,62.42,68.19,62.06,48.07
40.4,42.68,38.23,36.25,64.65
42.33,41.93,34.15,63.88,68.1
72.1,35.32,67.45,52.16,41.56
36.67,43.63,33.83,45.61,62.62
38.63,43.19,60.34,46.7,69.19
65.37,66.82,33.88,70.59,70.49
65.87,65.95,36.41,63.1,33.09
38.31,66.8,48.37,34.95,70.35
36.33,64.63,52.31,73.65,43.3
55.91,38.73,71.13,42.65,33.6
47.94,65.68,32.44,52.91,63.04
53.71,54.42,46.89,56.79,38.14
70.6,71.55,44.57,70.31,54.13
33.22,47.8,46.38,42.09,47.08
44.13,52.99,50.56,71.83,62.74
60.94,64.48,74.09,34.23,44.28
35.4,54.41,50.31,50.04,37.88
69.25,42.25,63.43,47.28,36.55
61.54,45.08,67.84,56.56,67.14
64.17,50.25,63.58,44.21,62.49
34.4,51.49,50.6,57.37,41.14
33.91,56.58,35.97,43.5,37.52
35.67,47.22,56.28,56.57,66.01
66.73,42.77,41.02,56.97,34.83
52.34,61.22,38.59,36.18,45.01
63.87,45.28,34.17,45.17,70.97
73.74,68.78,58.14,68.57,38.97
45.34,48.96,53.0,44.24,36.93
64.69,35.63,43.31,49.93,42.51
69.09,32.39,51.59,32.98,64.25
38.34,57.11,48.29,57.4,68.38
71.21,34.0,56.54,63.44,71.74
35.84,69.73,62.23,57.51,55.93
35.82,32.5,48.68,44.64,53.33
44.72,56.57,73.62,56.39,57.74
35.43,37.66,33.51,57.33,51.25
74.15,38.9,60.09,40.9,72.27
59.35,72.12,57.21,67.05,57.11
63.64,58.95,55.96,57.34,36.68
35.27,64.34,46.93,41.44,70.38
44.73,49.79,48.93,64.42,47.48
67.67,49.46,32.39,40.08,64.75
33.37,42.99,45.99,32.66,52.4
45.51,47.84,51.77,71.54,43.3
46.93,33.2,43.85,69.5,69.7
47.15,64.27,66.27,69.39,34.61
45.37,68.68,67.57,58.14,59.88
42.09,73.89,71.3,55.1,55.82
44.02,32.94,63.49,50.72,50.15
60.26,46.99,62.42,39.36,41.7
66.62,57.47,33.34,50.73,34.64
47.83,50.24,40.64,48.41,62.68
48.51,41.3,42.11,54.92,53.2
48.19,58.24,42.62,54.93,46.36
65.57,41.78,65.9,36.47,67.07
69.34,35.89,62.52,66.08,60.33
49.4,59.55,35.86,70.88,55.55
46.02,37.18,56.29,46.75,59.53
34.8,56.53,72.17,57.84,44.34
54.87,50.62,67.16,59.21,62.68
50.74,37.45,67.58,62.36,66.52
62.91,61.51,47.76,51.23,70.37
60.47,64.44,44.85,56.84,63.1
66.08,73.97,47.26,65.71,63.93
71.39,73.09,53.03,37.62,56.88
42.93,70.63,66.23,39.03,35.54
43.34,45.84,49.84,35.91,64.37
73.42,47.43,42.89,38.59,57.03
71.05,33.92,51.49,54.52,64.05
33.28,41.88,72.7,60.79,57.68
69.5,32.87,38.35,53.77,33.89
35.37,54.13,52.4,72.7,35.61
44.46,33.37,64.83,71.44,34.98
59.57,42.1,66.85,59.15,46.74
63.93,53.05,56.56,32.74,72.05
35.97,53.1,69.6,35.92,49.96
35.65,64.49,49.62,34.06,45.85
37.0,62.18,34.02,64.17,64.7
39.63,61.76,47.68,56.12,35.85
49.58,36.74,69.01,58.07,51.98
46.39,69.02,55.28,48.27,66.81
35.19,60.55,73.18,71.48,53.1
63.72,58.56,56.17,63.79,70.59
54.27,35.59,68.13,47.8,54.66
50.83,58.52,56.13,56.44,62.46
68.09,39.96,65.57,37.02,58.34
32.66,70.78,40.75,53.77,53.92
34.35,43.58,45.9,39.58,38.23
36.91,50.46,69.28,65.43,36.67
60.16,48.37,73.3,48.16,51.71
50.5,70.56,54.57,62.46,72.19
58.72,69.48,32.38,72.42,39.73
63.2,66.34,72.07,67.46,40.87
50.82,47.3,45.31,64.33,64.63
59.41,61.1,51.29,39.37,36.93
72.03,43.81,74.13,54.19,70.12
56.06,36.28,59.14,46.71,38.25
43.58,56.37,44.66,63.99,59.02
69.29,65.24,64.0,40.5,63.56
50.36,60.2,73.18,48.54,40.26
68.54,73.38,70.06,58.78,40.55
49.36,59.62,67.2,33.02,42.99
70.74,63.16,40.59,61.7,68.25
53.84,62.09,52.04,41.06,58.6
73.29,46.82,70.06,58.72,72.63
61.94,67.41,72.86,57.31,40.57
57.58,57.06,56.33,43.44,71.76
73.26,51.95,37.91,43.52,49.43
57.61,68.82,49.71,42.89,34.74
61.17,57.56,69.23,68.04,44.02
49.3,66.66,48.27,70.79,50.87
56.99,58.86,53.88,70.06,65.78
57.75,45.34,42.06,50.15,61.21
59.04,47.8,56.83,59.36,40.68
69.55,63.12,64.56,50.52,42.47
50.72,52.6,38.14,61.02,42.28
45.87,57.3,51.73,50.84,32.65
69.55,48.14,68.38,62.0,40.8
72.29,72.98,72.43,53.79,36.99
50.27,71.0,45.7,46.01,68.45
47.53,37.77,52.91,65.32,59.2
49.05,71.73,61.02,35.03,60.04
33.19,67.14,62.18,67.2,43.43
36.14,40.83,34.34,41.79,38.4
38.04,63.72,61.28,59.91,67.96
73.03,64.03,49.57,39.41,33.08
73.95,67.73,47.52,61.59,52.8
43.58,48.51,41.22,71.14,47.53
37.99,38.74,43.25,73.66,72.85
56.65,61.37,59.83,46.14,53.31
41.57,63.91,58.62,57.5,54.72
54.52,52.26,41.79,41.01,54.66
52.02,59.76,57.02,37.92,52.96
58.65,55.3,52.35,62.75,66.96
39.38,63.56,56.15,56.13,55.86
67.91,62.75,72.89,36.91,73.77
32.48,57.4,53.74,60.04,46.36
48.39,68.38,51.49,71.01,51.97
36.1,53.97,39.43,42.04,60.53
38.19,34.82,46.02,67.94,62.73
53.15,33.34,64.82,38.13,39.58
69.97,73.47,45.9,43.15,59.11
34.05,70.79,70.13,50.04,65.73
54.91,69.37,67.23,66.5,69.63
73.3,51.3,61.43,40.04,63.14
65.81,40.7,51.61,59.33,36.74
56.77,50.69,72.62,49.63,68.78
69.2,44.14,40.63,41.49,52.71
66.13,51.92,35.32,56.74,59.16
69.9,41.61,43.23,58.93,58.74
45.84,73.05,55.62,62.36,44.53
55.38,47.16,41.65,63.97,39.53
34.39,65.57,60.16,57.46,63.56
48.24,46.14,62.66,53.97,42.27
59.1,51.98,33.03,53.66,72.81
73.21,33.22,65.44,67.43,49.32
64.61,40.51,67.8,47.81,33.05
32.82,50.61,44.37,46.8,53.76
35.39,34.93,41.49,54.13,44.85
59.87,56.94,72.57,67.9,32.59
43.85,67.71,65.69,37.54,37.86
46.29,47.87,65.9,57.78,56.27
45.15,47.5,38.03,38.13,59.88
65.96,47.37,62.63,35.84,51.2
51.98,33.28,68.37,57.66,37.41
52.16,37.77,65.49,53.35,63.52
65.02,40.49,65.12,49.33,56.6
49.95,62.2,37.64,69.92,43.17
35.76,55.27,62.81,40.81,73.73
68.92,51.52,54.69,35.16,42.75
57.25,63.56,55.69,66.67,41.15
38.08,56.39,58.16,47.19,70.23
36.27,59.94,34.49,59.13,39.41
57.49,65.94,35.38,65.51,41.79
47.85,61.73,68.68,35.7,58.01
55.4,73.59,70.03,41.86,32.91
54.63,36.59,41.19,74.0,58.28
69.81,46.93,49.29,44.05,73.29
73.8,58.88,71.22,57.04,38.76
40.2,46.33,53.52,68.91,57.23
60.34,58.72,47.42,52.32,64.47
54.69,59.5,60.56,51.34,61.28
35.0,52.89,64.39,33.31,57.07
73.47,38.26,39.81,63.15,64.78
53.24,47.29,67.79,67.53,74.21
33.36,57.13,49.73,36.09,73.49
41.64,66.3,61.14,47.31,65.94
38.65,44.65,69.61,70.69,58.9
54.6,63.26,74.02,55.28,73.33
32.87,59.72,61.71,32.89,62.73
61.75,41.39,52.03,63.18,65.59
73.54,49.48,38.38,43.92,59.74
45.17,40.73,35.6,54.51,33.54
56.46,59.53,67.14,35.65,57.99
47.88,65.56,57.01,53.47,34.1
73.45,51.44,56.84,47.49,35.33
67.12,53.66,43.85,59.48,59.68
35.33,56.66,72.53,45.58,36.48
55.87,64.2,58.61,64.39,51.24
53.36,66.43,59.5,61.46,66.67
65.31,66.62,58.59,71.76,62.24
49.62,74.06,33.61,48.28,58.75
55.89,63.76,47.2,45.23,46.76
42.36,53.54,48.39,51.41,59.3
42.92,51.89,42.13,36.63,53.4
62.67,55.86,70.76,68.3,66.56
72.17,34.94,42.72,65.04,72.73
41.83,51.14,38.16,64.42,41.62
44.6,63.83,48.95,61.38,32.55
66.02,42.58,38.2,43.17,63.53
44.92,33.6,56.51,56.07,36.37
60.55,41.0,47.99,33.12,57.3
68.51,67.14,69.98,60.5,57.6
66.34,34.62,63.6,33.23,47.93
72.75,51.61,74.14,52.15,32.92
39.12,55.7,70.31,40.85,38.79
68.05,54.98,66.61,53.17,54.5
60.01,71.47,62.52,57.39,40.66
43.33,55.78,58.04,69.77,51.56
38.24,35.78,45.45,61.8,34.31
32.95,73.57,52.29,42.25,56.4
48.16,67.54,68.59,68.2,38.7
36.32,66.1,55.7,40.62,39.83
61.96,43.88,68.86,55.82,39.34
44.71,55.43,70.84,44.32,39.94
44.51,67.05,36.5,60.92,37.63
49.14,69.81,47.72,71.94,53.77
70.28,73.65,49.8,46.25,42.49
46.15,61.76,42.08,57.45,62.72
44.19,74.16,34.23,41.92,51.8
66.45,33.82,68.52,65.81,56.41
57.97,68.03,66.54,68.23,55.32
70.03,37.14,41.34,41.15,38.36
57.72,62.15,32.55,45.8,41.39
72.93,39.86,49.51,58.21,34.0
71.32,46.38,53.85,73.35,49.69
65.98,72.6,55.55,73.78,68.34
50.12,37.96,61.65,57.5,41.02
65.5,60.73,33.52,43.58,71.06
69.07,41.21,61.22,35.57,56.1
61.29,62.42,62.52,43.84,33.81
55.56,35.93,35.7,45.89,64.07
40.7,57.54,40.13,54.6,72.93
55.4,39.5,42.48,34.13,72.31
53.37,33.48,42.47,69.22,49.62
50.92,73.86,58.99,40.4,49.51
36.58,49.36,62.19,68.09,68.52
42.69,34.92,50.87,44.68,60.86
32.41,48.87,39.35,67.71,60.48
56.19,38.83,61.95,32.51,36.23
50.37,40.8,62.13,52.21,53.86
53.81,53.28,55.12,61.83,66.91
39.69,34.18,42.97,70.45,41.24
36.28,72.2,66.91,45.58,66.89
58.1,62.84,68.78,46.69,57.94
72.91,72.56,69.05,55.84,60.87
44.13,49.19,59.25,52.94,52.94
68.31,72.52,41.82,49.26,58.47
48.59,56.86,57.67,61.17,52.4
56.33,42.04,38.26,70.94,42.87
61.7,41.26,64.26,54.23,45.39
37.7,56.75,59.99,49.26,45.09
41.16,56.81,50.15,60.72,40.25
71.3,61.92,49.57,53.35,36.11
72.67,70.85,38.41,70.01,51.48
65.37,36.59,55.22,62.28,54.05
61.15,60.42,53.95,43.66,47.31
41.52,35.78,42.19,41.76,57.14
56.38,61.83,59.27,38.72,49.05
37.24,38.77,47.05,33.59,57.41
48.95,56.03,55.67,68.25,57.67
73.52,52.37,62.77,63.99,44.11
64.62,46.88,65.74,60.98,41.04
69.21,47.71,53.54,64.02,38.58
41.89,46.93,38.57,70.57,48.58
43.88,72.58,39.61,68.59,59.77
38.05,65.15,65.34,46.39,35.22
64.76,42.68,65.2,55.56,71.64
55.36,35.83,69.64,50.64,73.56
44.95,46.14,74.03,36.5,68.97
53.31,67.58,69.64,40.86,53.3
54.11,44.48,61.37,73.02,63.41
61.61,71.54,58.96,65.81,41.63
38.79,45.03,38.5,67.38,39.5
64.18,70.82,45.14,63.19,56.36
55.77,74.08,47.25,64.4,68.28
63.28,68.44,66.15,71.15,44.1
36.3,58.97,58.74,34.39,40.67
59.67,69.8,58.51,57.57,35.88
46.26,35.84,68.45,59.4,72.28
57.05,39.76,48.66,70.08,49.35
67.89,67.44,62.5,34.19,34.02
46.28,65.63,65.37,38.91,55.56
34.23,57.85,39.51,65.28,34.11
33.08,71.21,38.59,62.19,32.8
40.33,44.64,38.03,37.92,61.21
52.18,52.21,52.83,65.63,38.15
68.2,69.92,43.64,70.55,46.68
58.85,63.35,74.14,41.92,56.92
72.53,65.78,35.38,55.54,73.87
66.61,59.55,52.58,65.22,41.61
42.15,51.29,54.38,40.67,61.68
72.27,66.04,48.08,57.65,69.91
65.15,35.65,59.16,37.71,66.25
40.44,43.48,64.24,63.14,42.64
50.21,48.29,59.13,67.49,65.7
49.8,46.55,60.99,68.57,53.43
35.53,73.98,33.99,53.11,38.94
56.99,47.61,59.47,48.92,41.9
35.6,44.92,37.5,54.32,45.71
53.91,62.61,73.88,42.69,49.59
39.88,67.62,56.87,37.67,42.6
50.02,56.1,54.99,73.31,64.09
43.43,53.24,63.87,36.86,35.57
69.97,49.36,72.59,45.89,44.98
37.31,61.76,46.67,40.73,40.85
59.83,71.47,43.47,64.67,65.1
32.84,63.26,62.82,60.17,61.24
66.23,35.36,67.98,48.39,43.42
54.91,35.17,36.04,36.18,44.22
35.23,36.19,59.56,49.13,56.67
70.69,71.45,65.88,55.94,34.74
62.6,64.31,34.19,47.52,38.41
37.96,70.44,43.66,67.4,37.12
36.58,60.79,39.45,62.55,55.65
35.04,33.78,55.56,38.83,46.51
44.94,68.08,57.11,51.5,41.59
71.7,66.04,42.67,73.46,45.11
46.47,47.84,53.88,49.11,73.42
46.83,54.98,32.42,61.85,49.2
44.95,62.1,61.74,44.45,52.22
43.66,61.92,69.74,47.23,70.97
56.08,64.44,41.35,52.65,55.98
51.5,65.53,67.64,37.57,35.9
41.4,46.47,33.1,69.8,40.9
43.9,50.56,53.28,73.55,49.32
37.02,68.42,44.69,39.85,62.85
57.0,69.57,67.52,55.8,34.64
40.32,37.8,35.12,43.93,33.83
34.53,32.45,52.33,73.24,36.04
62.66,65.45,69.6,61.56,64.32
35.13,51.31,36.83,53.02,65.41
68.28,72.42,48.46,47.55,34.84
44.85,42.04,52.16,51.72,47.82
47.9,61.44,73.27,41.86,42.53
42.45,44.7,62.53,65.41,45.23
64.73,72.48,39.09,50.63,53.07
34.96,53.45,49.67,43.05,54.38
73.08,65.77,58.74,70.59,32.48
70.75,49.17,68.21,52.91,39.65
73.89,63.82,69.9,58.51,44.67
33.78,56.09,39.22,36.49,33.55
39.63,57.84,44.79,67.31,65.57
37.57,60.75,47.08,64.06,60.29
69.32,50.88,71.49,65.12,36.85
48.38,46.63,51.44,36.44,32.65
64.74,56.94,57.3,34.98,56.95
36.29,45.09,49.66,57.91,46.07
52.82,59.18,73.58,68.67,41.81
41.29,50.54,44.86,57.34,32.44
49.39,56.18,66.05,65.13,61.8
35.13,63.2,44.72,50.98,55.8
67.56,58.6,36.8,59.47,70.13
54.89,67.58,38.73,49.57,64.45
39.9,70.14,50.9,62.65,32.71
51.7,49.5,35.94,46.31,37.8
66.55,69.05,54.24,55.58,54.06
48.24,69.54,42.07,50.65,58.66
57.41,55.18,44.3,71.79,40.13
62.24,37.29,45.85,56.24,48.28
62.1,33.75,66.39,36.01,33.5
44.55,57.18,50.5,67.76,43.85
35.79,36.35,51.8,45.9,36.53
34.93,54.03,62.0,61.33,68.37
69.44,41.67,64.07,70.13,58.92
42.05,56.2,42.42,63.44,66.77
62.06,45.27,56.91,36.57,55.16
35.44,55.24,65.95,43.57,66.65
64.27,68.13,67.02,51.58,50.99
64.4,64.18,71.09,49.64,74.07
36.82,47.78,50.75,70.66,65.23
46.59,37.63,56.87,69.74,72.01
70.42,70.7,34.65,35.99,52.71
57.05,53.11,63.92,63.72,72.12
33.1,56.69,50.34,36.9,66.5
48.35,46.7,74.15,60.76,66.72
36.88,37.46,33.47,57.63,70.98
73.46,34.04,59.71,34.8,44.09
59.93,70.41,47.71,68.41,42.13
49.7,51.99,46.11,50.89,68.29
37.18,66.6,70.56,66.44,66.44
72.45,56.0,55.19,51.85,51.96
46.23,43.54,71.75,49.1,35.21
50.47,59.8,55.97,32.75,39.44
51.17,45.76,56.08,48.43,46.01
45.5,40.95,61.18,65.98,41.19
46.81,67.86,61.17,49.66,47.1
53.88,71.79,40.33,51.34,71.73
34.63,39.4,32.85,67.15,34.18
60.77,62.82,38.94,36.08,55.31
36.65,53.73,34.23,51.7,62.55
57.75,40.47,41.5,58.11,56.52
33.17,62.79,34.49,33.88,49.91
73.52,63.87,46.62,70.92,60.1
59.32,73.83,52.22,59.46,38.41
58.12,36.34,68.94,59.13,34.09
33.69,55.75,42.43,53.5,35.5
50.63,71.38,52.78,60.27,35.0
36.81,33.43,68.01,72.63,66.33
48.21,66.62,34.45,34.19,48.06
47.55,68.48,50.91,38.83,71.77
50.21,65.77,67.67,50.83,72.65
37.45,41.33,70.66,72.36,61.75
54.97,49.75,70.6,50.72,36.13
55.44,66.19,61.83,43.36,43.72
47.1,73.84,60.95,42.54,48.42
57.85,63.42,58.31,38.33,54.31
56.63,54.29,42.28,53.59,70.7
47.7,39.98,39.51,65.33,60.12
50.19,34.16,37.19,61.29,49.75
34.56,50.55,72.36,56.88,43.72
51.74,43.37,41.58,59.18,64.71
41.76,68.17,49.47,59.0,67.68
57.71,41.62,58.73,61.0,56.8
33.69,44.36,51.12,33.51,72.89
52.19,68.63,49.29,64.14,46.54
38.45,52.71,61.47,47.89,69.82
38.25,56.26,72.34,62.56,57.77
67.85,53.81,45.16,61.09,63.25
35.99,35.53,46.35,48.71,39.55
60.13,70.03,40.32,48.82,70.7
71.9,67.02,38.06,57.41,63.9
58.56,34.81,55.35,70.7,48.67
36.53,70.87,56.92,73.47,46.43
68.75,34.1,69.43,59.78,53.44
70.03,64.93,34.63,68.36,51.45
66.29,66.35,36.44,49.4,34.46
66.69,54.2,66.54,58.7,64.73
57.66,72.27,45.29,51.94,47.86
59.47,62.01,65.76,71.95,54.46
69.78,42.29,67.76,66.16,64.88
39.02,32.64,61.74,58.67,44.68
66.69,61.88,50.08,49.2,42.31
39.45,67.76,74.2,46.73,50.52
38.91,66.36,58.6,55.81,62.45
54.84,55.8,44.54,45.68,49.47
35.64,44.21,53.38,43.06,71.41
71.62,61.91,37.42,41.87,36.06
69.44,42.4,36.46,60.26,64.17
56.16,53.76,73.23,61.13,37.39
64.78,61.5,44.6,41.28,61.26
37.99,52.42,69.62,70.18,62.21
70.94,55.86,39.04,36.07,41.78
46.73,48.53,45.06,68.66,45.03
44.78,44.71,64.52,51.04,68.52
70.48,45.98,53.69,70.71,59.22
62.67,44.3,41.79,55.34,68.64
43.74,62.94,55.2,47.63,52.59
52.22,71.71,42.22,67.02,72.48
50.92,70.63,60.05,54.7,70.77
32.36,71.81,59.2,53.69,51.4
51.34,55.72,60.84,38.97,33.68
68.95,63.73,35.98,65.06,73.93
45.44,57.94,41.44,48.46,51.19
36.58,35.04,66.87,35.24,44.09
45.79,51.04,59.0,49.09,39.77
67.35,55.42,61.66,71.45,34.43
61.14,43.16,48.45,62.98,41.3
53.57,67.66,34.75,54.91,60.3
34.26,65.5,64.7,65.61,56.72
48.9,73.45,68.16,65.63,41.79
63.32,37.29,62.42,40.72,32.59
59.95,37.37,40.47,37.28,55.8
57.71,66.66,59.06,52.85,34.15
65.1,71.58,34.41,44.2,66.28
33.31,63.38,60.36,69.26,71.11
38.08,36.18,62.63,33.07,70.8
54.45,39.67,45.67,35.44,38.71
60.27,41.55,37.06,50.42,37.39
71.53,70.5,42.05,39.57,33.87
39.5,33.64,43.04,58.96,49.08
73.57,55.8,52.9,54.8,56.18
55.95,70.73,63.83,70.87,65.12
36.63,57.08,60.26,41.21,54.84
36.33,38.7,69.21,67.17,39.37
48.86,71.31,46.11,37.7,65.54
39.27,49.86,54.6,67.48,38.61
42.47,67.37,57.27,38.71,65.99
60.71,47.17,47.5,48.06,41.61
37.82,54.16,69.67,47.29,59.13
71.59,65.6,32.48,61.72,37.86
50.34,60.86,54.1,64.35,66.2
43.72,62.35,63.84,44.22,54.23
56.44,56.3,60.2,44.71,32.35
55.97,51.25,39.69,73.14,41.15
32.92,56.52,62.99,61.91,46.02
70.11,40.14,47.71,53.35,53.13
60.21,67.32,55.38,57.44,39.88
53.92,45.91,45.95,46.82,69.57
37.36,59.58,62.28,61.79,58.29
69.31,61.71,62.0,35.48,43.31
47.83,41.65,72.46,47.08,41.17
34.62,33.14,71.26,57.93,53.55
48.21,36.83,68.33,71.03,73.36
57.13,70.52,53.92,41.89,66.71
64.43,40.13,63.96,54.86,47.26
59.46,43.6,69.24,38.0,71.84
34.47,54.51,59.53,69.54,60.68
58.78,40.37,71.18,54.03,69.75
35.38,66.59,50.78,58.1,68.98
61.93,49.17,50.26,58.17,63.38
53.07,67.79,56.33,64.08,72.48
39.85,62.74,73.17,32.5,32.88
60.55,39.94,62.02,36.75,62.4
34.04,53.03,51.83,53.82,32.58
42.13,36.88,59.43,48.83,39.41
52.24,46.0,35.21,71.07,47.09
61.17,36.75,59.35,38.7,46.41
51.48,39.11,71.22,52.21,57.97
45.54,42.39,49.64,58.86,72.42
60.95,51.0,38.48,71.85,49.33
64.73,48.67,37.75,40.27,35.93
32.46,33.77,62.44,44.41,68.34
44.69,34.51,34.12,36.75,40.65
41.36,46.15,53.61,43.72,72.96
51.08,47.11,60.3,35.5,37.19
50.91,48.32,39.78,66.12,73.94
73.1,54.72,49.83,40.1,35.41
59.71,38.1,55.24,56.97,64.53
64.54,47.95,73.26,58.28,49.75
69.5,47.86,60.76,63.56,55.2
35.17,44.96,66.04,42.23,46.32
63.31,41.92,70.88,42.93,66.18
55.82,47.27,50.1,38.47,49.67
50.5,62.97,51.7,38.21,56.07
69.45,42.77,57.77,55.28,57.52
69.74,41.34,34.09,52.7,45.31
63.87,41.28,51.85,52.86,39.96
43.51,60.24,44.11,60.33,41.5
67.69,64.54,57.65,34.58,49.32
39.5,64.54,63.81,69.68,34.8
36.89,36.12,63.46,49.58,62.12
47.5,68.89,68.85,47.68,65.06
53.64,42.07,53.6,62.64,55.01
47.03,55.55,52.42,61.42,41.45
39.62,52.61,43.63,61.48,58.82
35.2,61.82,55.06,63.07,47.51
38.95,58.78,40.23,63.6,40.68
56.89,44.77,42.46,59.22,52.59
60.32,65.36,67.13,58.7,37.34
54.55,61.59,73.27,48.49,39.81
44.32,58.16,59.06,67.74,41.47
69.13,68.77,49.76,68.79,62.36
51.51,67.02,61.53,69.99,69.4
54.25,59.83,49.86,68.61,38.98
37.98,50.69,66.06,42.82,67.19
67.16,68.51,56.9,34.15,68.29
73.74,55.9,60.28,40.21,59.01
71.01,50.3,52.76,48.41,43.62
51.61,45.34,74.18,66.57,57.56
35.67,65.38,53.39,51.27,41.45
61.71,68.96,33.75,67.26,34.03
65.32,72.59,48.49,40.35,67.21
37.14,45.29,45.32,61.74,55.1
45.3,37.29,51.36,59.51,43.16
47.61,54.32,54.6,67.93,73.54
37.86,50.48,54.45,67.21,45.09
42.62,48.23,59.69,56.87,40.83
73.51,36.31,33.59,35.76,36.43
59.87,33.95,73.34,50.3,37.24
60.12,39.89,53.28,72.47,54.6
37.21,51.63,40.42,43.85,51.52
57.11,60.52,66.17,57.96,73.51
34.39,35.87,64.76,44.11,58.9
71.79,64.5,55.15,63.21,42.24
40.93,37.15,67.43,64.69,36.21
60.69,72.7,68.63,55.74,63.88
61.69,52.57,52.32,58.05,56.89
39.06,40.01,71.01,44.53,44.89
63.52,52.73,65.52,71.57,47.25
51.77,64.38,54.36,59.97,66.24
47.24,61.16,41.72,37.76,51.92
36.34,42.34,40.39,44.37,61.13
62.12,70.25,49.89,60.19,72.99
54.8,70.69,46.7,71.6,46.19
32.36,37.8,51.81,65.89,58.07
69.6,62.77,35.0,66.7,55.09
65.59,43.3,49.86,45.42,44.22
44.94,54.27,70.59,47.55,64.04
41.76,60.25,51.82,52.34,55.07
46.25,62.32,48.04,68.35,62.92
49.52,48.48,74.04,44.13,32.92
64.86,39.87,70.23,47.93,42.95
70.77,44.93,69.09,56.32,70.23
68.52,32.71,32.88,33.79,68.01
73.33,44.1,50.01,63.66,59.73
54.75,57.7,39.59,57.6,49.26
39.11,64.7,48.41,47.23,50.09
39.32,65.47,56.09,33.91,52.82
35.59,70.51,68.94,71.59,70.37
52.51,53.61,40.97,59.37,71.56
37.66,49.48,35.38,69.38,51.1
40.24,66.23,57.54,32.69,33.62
65.3,46.58,59.46,34.3,52.32
73.87,45.35,62.33,57.25,71.49
62.6,59.88,47.07,33.87,40.33
51.71,49.27,62.24,70.0,44.66
62.44,62.82,68.9,47.82,65.5
32.63,44.6,50.53,71.43,71.46
59.81,45.95,36.24,39.49,51.62
38.92,70.62,71.84,37.72,63.2
42.81,44.77,47.45,39.35,48.53
62.62,62.2,72.05,42.1,46.44
65.38,61.69,63.05,71.76,45.94
68.45,42.93,55.35,34.43,39.44
36.01,74.2,45.77,58.56,46.97
51.55,34.69,48.26,71.09,48.14
41.01,69.42,35.26,64.66,71.55
39.47,72.33,44.25,60.85,52.3
56.84,58.87,53.84,48.72,34.87
44.57,52.41,34.75,40.32,44.57
57.21,32.57,72.2,36.74,61.46
71.2,56.89,66.48,49.45,66.26
66.42,70.47,66.81,48.1,41.92
37.43,39.67,38.95,73.9,61.48
69.54,71.63,37.32,34.38,54.04
66.46,53.08,72.03,40.51,39.0
33.8,68.9,42.64,44.79,36.52
55.85,42.91,47.01,73.49,61.72
49.95,42.5,69.84,70.09,33.69
64.11,62.58,40.51,71.19,48.17
57.89,47.12,34.9,51.09,64.28
54.55,51.33,43.51,41.77,54.36
45.58,46.29,55.76,39.97,59.04
66.07,52.98,67.87,39.16,35.7
32.74,65.39,43.54,57.61,39.57
40.88,50.84,63.83,57.96,57.53
59.97,69.22,61.67,63.0,62.5
72.92,39.89,64.04,36.53,44.21
57.6,51.22,72.35,40.92,73.69
38.41,47.11,38.76,48.1,61.18
36.73,68.36,48.06,40.31,46.77
42.68,44.44,60.64,54.33,51.2
61.78,43.94,68.15,70.97,37.97
51.86,41.73,73.45,69.44,61.64
73.07,59.74,58.16,69.91,73.93
35.48,40.29,44.17,38.01,69.61
32.69,71.4,33.81,67.22,44.7
54.53,36.78,50.51,58.98,34.45
46.22,54.73,62.96,37.05,48.81
61.96,57.61,54.26,70.14,54.96
50.81,71.75,42.52,59.78,60.17
38.66,56.01,62.24,57.99,46.02
37.58,32.69,53.97,32.95,40.36
65.06,38.12,64.2,65.62,41.56
53.43,66.87,44.43,73.32,61.17
50.52,65.72,68.95,53.94,47.64
61.67,66.07,53.41,64.33,50.65
52.97,52.39,56.4,38.34,55.17
47.52,51.73,36.05,59.83,50.19
69.92,48.2,65.67,51.65,36.86
73.06,73.83,71.54,52.95,45.22
56.38,42.79,57.29,60.39,43.21
72.32,58.44,73.2,73.8,39.38
55.41,65.29,63.71,38.53,63.63
72.01,70.01,36.14,57.85,47.24
52.56,67.24,71.75,42.85,65.47
51.49,71.8,35.95,72.65,70.04
45.23,40.99,34.21,65.06,68.67
43.81,50.14,73.38,53.97,67.91
50.03,55.85,62.61,63.32,67.84
71.22,48.73,40.35,39.82,43.81
55.92,64.03,50.14,46.86,48.29
55.36,69.31,54.57,61.33,55.27
48.8,66.2,73.32,53.9,37.11
56.95,55.38,57.52,33.29,42.81
63.13,51.29,66.6,58.8,51.76
44.15,50.43,37.05,55.23,69.0
39.23,32.5,51.74,37.08,64.65
54.97,62.82,40.22,42.43,34.05
47.67,44.78,32.51,57.72,37.42
49.76,50.21,67.85,59.17,34.5
61.4,41.76,36.44,68.31,72.03
34.37,49.2,55.69,43.75,43.39
38.01,60.64,33.05,38.56,44.26
34.6,72.35,59.84,37.03,73.57
45.18,63.77,34.3,37.14,56.18
47.3,46.8,51.46,34.51,58.02
61.87,33.2,33.45,34.26,66.64
51.76,41.47,71.11,50.52,56.28
66.8,48.43,34.01,42.0,70.04
37.55,65.04,70.38,70.91,58.04
68.23,46.4,33.17,56.13,55.45
49.23,71.64,47.75,49.35,60.16
61.14,73.68,33.94,73.04,51.57
57.87,66.77,57.67,59.08,58.95
56.5,58.08,33.57,72.22,44.14
46.59,65.94,65.83,62.29,45.23
61.48,73.67,42.54,36.39,61.52
45.96,61.3,46.94,64.22,70.75
69.24,59.59,64.21,63.39,67.5
38.04,41.6,70.7,67.81,64.43
34.92,48.54,60.23,43.29,43.01
66.43,47.38,51.69,37.48,35.06
62.49,59.85,57.79,51.6,49.4
48.45,47.91,33.82,70.41,65.06
73.91,32.56,45.85,45.77,36.75
33.98,44.23,72.95,52.52,38.62
35.17,64.21,46.35,64.41,48.31
52.13,62.27,62.41,54.23,41.39
58.96,50.19,65.72,32.38,67.36
45.01,65.13,70.58,64.86,39.79
42.71,40.9,66.76,47.94,53.54
49.72,72.97,41.43,72.61,34.96
71.87,72.89,61.42,68.28,53.91
59.49,51.6,53.41,42.61,68.08
68.79,57.07,53.83,65.53,73.12
68.59,55.03,33.06,41.84,37.99
56.98,49.38,53.65,36.93,49.27
51.5,35.76,55.4,64.91,71.13
42.92,40.76,52.47,39.37,52.41
47.24,60.36,56.73,48.3,42.28
54.31,63.09,46.19,67.28,36.64
56.28,69.66,69.71,66.95,58.81
33.43,67.73,47.89,39.46,67.1
73.87,49.01,45.02,64.03,70.38
34.48,42.43,62.83,67.2,50.78
51.29,68.27,66.45,41.41,56.37
61.4,62.96,37.08,63.94,57.96
59.43,72.57,62.06,40.26,72.19
50.04,34.59,67.66,66.54,74.07
46.78,57.86,69.6,37.89,53.41
49.55,72.84,70.93,69.81,39.72
50.38,62.64,42.2,37.77,40.9
72.89,68.13,58.06,53.53,67.8
60.5,68.6,70.06,52.56,39.35
49.06,35.73,60.57,35.4,66.97
49.38,48.64,56.86,52.34,51.87
37.95,36.66,71.47,39.96,59.25
60.1,51.56,68.36,41.14,54.32
68.57,44.23,58.54,73.46,60.93
41.74,36.31,49.98,57.48,58.0
47.0,50.1,58.93,62.65,51.4
41.93,44.03,39.58,65.66,40.76
42.03,41.37,45.11,68.78,33.68
42.27,63.07,49.21,38.57,67.05
73.66,61.29,42.45,45.1,50.8
45.2,42.62,69.58,58.24,36.28
48.12,70.96,68.33,48.12,47.58
59.7,54.96,45.17,44.04,73.56
50.55,47.59,38.13,56.1,49.59
39.16,61.65,38.84,45.2,57.47
37.19,35.98,56.25,69.26,37.67
66.93,50.48,51.63,69.09,60.58
60.26,67.28,57.1,36.47,68.71
57.78,69.81,38.9,54.98,51.38
57.25,50.58,58.24,44.52,46.25
65.33,38.22,35.53,46.96,33.11
73.3,43.29,64.8,44.47,40.21
72.1,68.52,60.38,43.49,38.23
73.05,40.13,33.13,54.11,66.88
55.46,56.13,51.37,37.35,54.61
54.22,61.33,65.23,49.1,57.29
58.82,34.47,51.48,48.21,55.71
40.31,36.46,50.97,48.36,42.33
43.51,46.95,55.34,60.75,38.78
36.8,45.73,64.87,61.04,33.8
67.91,71.29,46.91,62.2,48.18
68.41,47.15,46.38,73.07,34.81
53.08,68.76,63.55,56.17,57.24
71.17,44.18,46.7,36.27,60.18
37.74,61.82,41.47,50.95,48.84
57.01,57.73,43.76,49.85,42.01
57.18,36.31,65.33,33.65,72.5
57.66,58.97,41.56,70.65,38.17
57.78,60.25,35.11,45.88,60.28
46.34,58.16,73.16,63.41,53.86
50.66,70.1,44.83,57.13,41.02
65.07,45.47,55.62,34.68,43.59
35.6,51.74,69.73,41.7,39.63
50.22,65.78,40.76,63.22,41.63
33.69,62.44,65.57,39.08,39.26
42.83,63.55,68.99,43.53,65.26
55.1,49.74,33.24,38.19,71.11
73.84,50.29,67.94,46.9,50.05
66.35,71.91,68.23,67.11,53.37
51.26,73.1,56.59,49.88,65.48
51.01,70.85,49.72,40.43,51.43
70.92,65.77,52.31,67.07,66.41
58.21,34.48,52.56,42.4,57.15
46.89,56.14,33.74,56.92,53.83
58.84,41.24,48.26,69.55,34.29
55.63,72.5,41.64,39.59,52.71
39.35,57.91,32.97,34.29,54.86
46.01,74.07,53.64,42.08,44.24
61.73,36.57,35.17,35.19,48.6
59.26,68.55,72.85,37.19,62.86
44.31,57.06,47.87,58.96,54.91
60.97,67.57,61.61,61.76,39.79
40.21,46.84,38.85,62.14,41.54
67.37,34.68,56.24,71.8,67.34
46.56,68.92,70.28,66.8,40.82
64.28,49.94,69.61,66.7,56.72
58.66,34.02,46.27,45.52,38.19
38.19,69.97,36.89,70.57,42.65
37.64,48.64,52.97,40.37,54.26
58.17,53.68,46.47,69.96,60.01
39.94,41.04,71.37,49.16,65.12
60.05,62.33,59.93,43.4,70.16
46.62,58.14,50.54,71.23,36.93
64.0,71.26,38.5,57.54,57.84
40.36,49.79,58.43,37.72,45.82
51.86,47.6,63.31,48.85,51.61
64.1,56.73,68.0,47.62,43.59
34.54,57.94,40.36,42.62,61.26
41.21,68.55,52.92,52.63,33.14
66.66,38.95,37.32,52.33,55.76
55.62,44.59,43.93,61.72,61.7
67.57,41.17,66.19,45.01,62.62
53.36,45.97,61.23,58.94,61.09
51.52,38.4,60.45,49.14,70.65
57.89,50.66,52.38,33.74,50.73
65.41,56.19,58.83,38.36,67.21
67.33,66.03,70.3,41.01,36.72
36.07,63.1,46.85,39.23,49.4
74.18,64.08,49.71,50.63,40.25
67.15,47.11,54.05,38.67,63.19
55.67,50.84,63.02,52.6,48.42
52.07,38.63,49.27,40.26,53.55
53.27,45.01,65.44,56.68,57.49
34.99,65.95,37.04,33.47,73.63
56.62,59.26,73.63,46.53,54.15
51.63,39.27,56.31,55.32,47.33
59.16,53.8,61.62,60.69,49.88
48.47,42.06,50.7,45.56,38.26
35.36,49.62,72.65,71.72,69.11
61.07,39.26,57.41,32.76,61.2
53.11,44.93,72.32,67.76,57.35
46.98,55.34,36.77,34.47,67.74
33.72,56.22,35.6,48.64,34.41
55.89,46.55,63.11,33.75,42.39
70.69,49.58,63.27,56.7,37.94
73.61,58.29,46.09,63.94,60.57
57.7,55.96,49.85,52.56,44.24
70.39,61.57,74.02,37.87,65.16
56.39,42.46,48.83,65.41,66.34
43.01,72.04,33.55,55.14,52.3
52.12,73.16,39.0,48.47,55.44
71.99,39.65,64.39,36.62,62.74
61.35,34.78,62.33,46.45,60.82
73.57,50.23,40.2,71.68,65.68
41.24,70.48,69.63,59.93,54.48
66.15,55.41,43.36,71.81,71.36
56.42,71.92,55.69,45.79,37.39
66.67,44.81,67.18,65.42,63.48
43.97,43.21,46.5,35.05,46.65
49.52,58.57,49.63,64.25,69.98
56.02,65.52,71.36,36.46,32.46
50.23,38.84,42.82,55.05,61.82
58.77,66.43,72.78,37.76,73.2
63.8,40.59,64.76,55.39,40.97
55.56,44.99,70.01,71.55,59.1
71.18,59.0,64.66,72.87,35.7
37.67,56.77,44.7,40.28,61.2
45.35,46.55,37.36,35.93,56.31
52.58,64.35,33.26,52.15,51.0
38.46,64.95,65.37,44.51,64.09
54.25,54.8,67.58,36.51,64.02
57.82,65.95,45.32,46.34,51.1
71.12,65.69,63.05,32.43,56.21
64.28,46.9,63.81,56.02,40.92
55.93,45.82,74.11,70.83,34.68
56.22,46.75,40.43,70.45,59.88
33.35,38.66,67.47,47.77,61.8
59.83,38.56,71.24,44.79,36.18
35.81,59.97,36.54,59.15,57.56
38.59,66.36,50.13,68.96,42.17
51.48,70.61,68.79,39.43,39.0
39.03,35.98,54.95,61.21,64.97
44.94,72.12,33.69,49.42,50.81
57.76,56.72,67.94,48.38,73.84
68.05,64.93,39.42,52.48,54.26
53.73,45.76,70.45,40.54,65.71
34.25,41.69,56.2,36.63,44.26
39.1,57.05,62.15,50.66,69.04
40.42,64.59,54.23,68.89,51.73
37.6,38.6,62.05,54.02,53.59
40.78,55.78,48.52,69.09,43.64
56.31,48.22,59.27,65.08,68.64
59.89,43.94,67.4,65.65,49.34
72.73,32.84,49.74,41.42,52.95
72.43,46.08,53.16,73.75,39.34
33.8,43.93,72.32,42.38,45.14
63.69,36.01,57.34,45.32,56.29
73.01,70.24,51.61,42.09,74.21
45.74,44.89,41.39,59.05,45.14
54.63,34.69,66.14,62.88,44.48
70.75,70.63,36.08,66.74,59.43
66.4,69.04,46.24,41.07,44.65
54.4,44.67,73.64,32.47,63.56
37.13,69.7,56.45,44.51,68.98
52.91,57.82,56.23,34.8,53.78
61.49,46.29,61.85,62.56,55.13
33.14,63.5,39.2,53.28,38.06
62.73,58.58,41.19,36.88,44.52
40.18,55.86,42.66,48.65,44.37
41.8,62.59,68.0,48.58,60.22
66.16,68.33,61.83,62.4,63.25
59.17,60.81,38.05,49.72,67.85
40.69,41.77,67.4,36.53,52.34
57.96,70.52,56.82,62.19,71.51
46.19,53.87,58.56,37.87,53.31
55.79,41.04,47.87,54.95,32.95
69.31,36.76,36.31,39.29,71.83
34.95,57.25,74.02,72.95,73.9
47.82,73.97,65.46,56.17,33.13
67.82,62.46,54.36,56.6,42.2
36.58,39.28,53.94,37.91,71.31
60.01,55.57,33.05,74.08,56.44
47.53,67.95,49.72,48.55,62.51
39.64,64.31,57.16,52.62,71.48
49.57,71.15,72.02,55.02,72.65
69.16,56.16,50.45,39.78,47.67
70.88,60.62,55.32,33.84,32.47
42.73,48.75,50.94,37.58,45.73
43.66,33.68,62.21,45.32,67.41
34.36,43.38,51.33,57.78,47.16
72.25,64.43,38.15,66.38,62.55
42.41,66.68,49.07,65.12,47.22
66.48,39.2,55.79,37.05,69.59
44.31,57.71,39.76,43.41,50.27
58.66,35.31,52.44,36.66,58.25
65.97,66.4,65.34,68.28,50.41
62.79,62.62,37.63,44.32,54.18
60.46,52.63,70.49,42.8,65.37
43.63,74.2,54.07,42.69,42.0
72.28,73.3,44.04,53.09,66.51
65.44,49.61,34.26,50.77,43.81
57.84,54.39,68.48,71.67,44.72
46.48,48.53,71.87,51.04,58.77
38.63,67.3,50.37,66.87,42.03
60.55,68.0,44.84,35.88,50.15
70.02,34.76,36.65,37.94,39.9
41.54,66.46,59.75,43.54,39.1
47.62,43.4,52.8,55.83,51.99
36.35,53.35,70.42,64.69,73.32
54.2,45.89,72.71,52.18,36.09
38.02,73.68,56.99,62.36,71.91
41.61,55.87,57.17,63.19,47.89
63.04,53.68,55.03,71.15,55.1
37.28,49.58,52.23,56.5,52.82
53.68,64.45,48.32,50.25,36.75
47.99,38.02,52.55,53.25,53.23
67.35,35.83,48.08,61.4,68.7
58.38,63.68,53.92,32.91,62.59
64.28,46.37,48.1,60.71,44.67
46.11,53.8,49.6,47.74,65.4
66.37,60.58,48.33,47.24,54.68
64.23,46.26,67.37,64.36,52.88
70.6,59.85,65.42,68.34,56.1
63.57,44.27,38.11,66.25,52.26
44.65,49.08,48.7,45.37,41.08
43.95,69.45,50.62,34.37,44.06
57.07,52.59,64.02,48.14,40.07
37.18,62.17,61.92,71.98,55.54
57.3,45.44,44.74,49.75,49.1
73.32,61.78,73.81,47.24,34.84
72.06,72.36,58.28,72.69,42.49
48.57,67.19,73.44,56.0,44.24
61.06,35.09,61.96,43.58,67.06
67.23,55.27,36.68,63.23,42.12
72.14,36.45,43.93,70.57,47.34
68.41,35.24,66.33,51.14,66.29
34.57,50.79,66.2,62.3,42.7
34.77,68.29,62.16,53.05,72.7
45.38,66.99,40.34,56.75,70.36
34.54,39.53,65.09,72.11,68.49
67.33,66.31,48.04,43.85,41.21
46.32,41.42,65.16,58.0,54.19
65.9,38.52,69.05,57.82,68.29
73.73,49.61,32.38,57.59,51.57
56.08,61.46,32.75,34.54,38.85
50.22,63.79,60.32,42.71,66.91
35.22,70.81,72.93,50.55,46.27
68.38,41.57,66.67,58.17,70.39
67.96,47.74,41.82,36.51,40.89
64.72,73.26,41.69,38.77,37.39
72.88,54.11,36.6,64.83,62.22
73.42,32.83,42.44,61.08,71.17
59.25,69.14,35.0,69.51,35.17
70.13,44.4,64.71,69.12,40.0
40.49,32.35,54.4,60.87,55.48
35.15,66.2,72.4,39.11,39.85
49.31,34.33,41.56,50.79,50.16
54.6,69.6,61.43,68.76,45.28
36.39,69.13,38.69,65.83,45.15
33.59,69.05,64.86,45.87,42.26
54.49,45.15,56.16,71.96,45.64
37.91,43.32,67.49,65.52,34.22
50.95,49.19,55.22,40.48,36.16
45.1,32.43,46.43,39.17,33.33
61.99,57.31,53.87,69.73,58.62
42.12,65.46,72.96,40.06,62.65
41.28,73.05,39.13,49.47,52.2
38.17,39.87,55.1,64.06,33.54
54.88,62.08,56.72,41.52,54.93
59.57,33.97,55.27,37.81,42.27
39.37,68.14,57.29,67.54,63.33
35.14,50.83,55.55,46.17,50.82
54.12,43.06,49.0,69.11,39.58
36.23,48.95,65.26,57.96,40.6
60.27,58.99,59.13,33.54,43.3
47.17,55.65,52.39,61.55,47.15
72.09,54.8,41.37,44.23,48.38
65.68,52.44,66.64,50.69,65.9
34.59,61.37,70.05,32.9,65.05
41.19,45.61,61.76,43.01,73.42
70.13,50.38,35.59,46.51,59.28
53.92,34.47,74.11,45.72,63.47
56.78,35.36,59.56,63.17,65.0
40.57,55.76,70.69,42.8,57.0
56.0,66.13,58.41,37.69,70.6
37.62,54.52,70.55,42.98,37.73
70.93,42.86,42.27,41.53,34.17
34.4,57.25,49.01,41.73,67.75
37.35,73.21,66.06,36.68,47.63
35.39,71.55,71.66,72.87,64.97
62.81,71.49,48.84,45.14,38.02
53.86,61.64,57.87,52.6,47.44
32.49,48.54,58.69,36.97,69.28
64.94,54.71,45.62,55.58,40.27
43.01,59.52,34.21,53.42,43.99
34.82,33.54,45.11,63.17,61.73
58.54,62.21,41.52,49.73,56.29
53.36,37.59,64.35,39.39,56.15
63.23,43.27,36.94,46.98,65.02
40.11,43.69,48.18,57.75,64.17
57.01,43.02,51.9,52.98,73.82
73.51,62.11,33.25,51.04,62.9
70.84,71.42,56.79,37.41,71.03
61.78,32.63,68.37,59.43,50.29
59.74,53.83,52.73,32.78,64.4
74.07,37.6,37.45,51.17,39.55
32.92,54.46,72.34,50.7,73.38
54.69,72.35,58.46,32.68,54.53
65.76,50.29,36.27,65.65,63.62
43.36,41.62,37.61,32.85,71.1
72.3,62.29,53.28,63.86,41.87
70.93,34.12,39.88,43.24,72.58
40.68,70.77,43.32,45.94,39.67
41.3,64.35,56.96,56.49,72.43
54.45,33.95,48.98,70.01,41.76
50.77,65.02,51.26,44.83,39.81
47.98,39.72,40.57,56.26,35.41
41.76,42.59,50.2,33.14,49.1
38.75,34.32,50.47,52.89,70.93
64.57,67.46,33.84,54.65,46.66
36.48,40.23,61.17,41.3,38.73
72.71,64.53,42.19,57.07,43.35
52.4,50.73,40.77,46.66,54.06
46.39,61.5,68.95,58.94,51.98
72.79,72.65,52.6,53.53,69.68
72.84,35.16,62.77,47.58,44.5
34.38,32.74,56.48,39.38,38.76
42.11,71.58,71.8,45.29,36.03
53.17,38.2,45.74,49.73,67.68
55.46,65.41,69.4,36.2,44.06
55.57,63.0,43.95,36.32,68.5
70.14,73.39,49.97,48.76,41.01
60.17,44.59,40.41,41.79,44.43
65.35,39.16,42.92,71.61,39.53
43.9,68.37,41.11,44.65,59.1
62.87,60.68,37.81,67.25,72.13
58.68,49.19,32.63,33.15,33.74
36.29,55.88,56.45,56.75,51.45
67.88,35.97,45.84,65.4,50.96
52.28,58.98,53.06,32.35,52.09
68.48,65.58,71.74,47.88,41.8
63.61,33.25,46.36,45.32,45.24
57.54,59.89,55.18,35.4,53.53
57.61,40.48,72.56,44.15,47.36
46.47,56.96,39.71,34.61,43.73
48.6,72.18,50.13,67.72,64.98
58.36,43.28,34.33,48.9,40.1
65.1,71.48,35.16,69.01,41.09
59.13,68.28,73.75,45.49,51.56
54.52,45.69,62.96,57.87,62.86
38.79,55.34,39.73,56.45,61.29
56.41,45.15,53.87,56.45,71.8
56.91,55.52,39.62,57.75,67.76
65.18,72.78,73.11,68.84,48.49
70.3,69.38,65.24,43.51,53.57
53.9,52.63,32.81,60.07,51.65
73.23,34.12,63.91,48.2,68.15
57.27,52.88,56.23,72.56,70.87
68.45,73.06,56.25,69.9,59.72
67.32,33.47,38.01,42.39,58.59
43.34,71.33,57.53,42.39,62.8
36.76,43.4,68.19,58.44,56.07
60.87,49.48,60.07,41.66,66.02
48.5,52.38,35.87,44.1,49.28
61.82,55.33,38.47,72.42,64.55
70.66,71.81,73.18,57.8,69.29
47.5,44.01,52.62,70.06,62.43
38.68,74.18,46.2,61.53,69.32
44.31,57.32,49.24,70.6,48.09
66.85,58.74,53.0,70.12,51.37
63.58,43.38,70.39,44.34,69.29
50.0,50.97,40.05,41.22,43.77
53.14,37.46,56.36,59.79,59.87
63.23,55.08,50.9,69.67,66.45
69.59,67.27,43.9,37.96,57.33
46.94,63.27,54.51,46.3,71.95
67.15,61.01,58.78,72.11,66.23
55.35,63.94,56.09,73.94,59.36
65.55,52.91,58.24,41.05,44.75
41.36,48.2,62.11,39.11,46.28
73.18,57.44,35.04,58.64,52.64
35.65,34.92,37.21,41.36,59.32
56.08,67.02,64.41,49.47,54.87
54.21,54.09,36.12,46.11,58.2
43.81,72.93,45.01,70.39,42.42
57.96,35.41,37.36,56.0,54.41
49.26,73.31,67.76,42.77,52.31
58.6,39.62,66.34,46.79,34.53
69.28,59.64,46.98,70.47,72.82
60.74,56.68,57.78,51.99,45.1
64.05,59.45,55.59,67.12,44.92
38.82,42.11,65.88,35.65,40.89
37.11,64.04,51.21,45.09,32.78
32.92,55.61,37.73,37.77,64.48
57.52,37.91,38.59,74.21,54.18
45.76,68.35,52.7,59.15,54.57
50.68,45.05,45.24,50.32,58.76
61.32,53.69,46.54,42.2,52.92
67.12,59.16,36.09,39.57,43.43
34.11,40.03,36.11,68.04,63.22
63.67,57.2,34.81,69.32,39.21
69.36,64.01,64.19,68.31,55.63
64.8,47.37,55.37,35.82,39.0
47.92,51.73,59.88,66.6,68.49
50.09,47.2,33.7,63.15,40.45
60.14,53.06,44.04,38.9,40.36
33.33,47.28,35.45,39.7,39.63
67.62,37.97,65.88,57.93,54.53
47.79,39.13,35.06,39.85,34.08
61.15,71.79,51.34,63.42,70.85
64.46,66.14,53.89,43.77,40.98
74.11,42.64,45.9,69.97,63.13
70.07,55.45,39.72,53.27,40.18
56.21,59.34,65.2,32.85,60.41
34.02,33.52,71.41,70.86,63.44
34.52,43.52,55.07,36.59,46.47
56.1,55.07,46.62,35.19,43.11
55.92,73.02,74.08,36.25,40.9
71.77,59.92,69.94,40.19,64.93
54.25,33.65,61.41,61.65,42.16
40.38,41.26,40.22,41.59,46.34
68.13,32.64,46.97,42.71,45.7
32.77,57.25,51.9,37.81,63.12
35.45,59.42,51.57,35.6,32.81
52.39,34.2,37.96,55.2,41.57
38.24,48.13,44.59,42.16,48.18
59.31,48.17,33.88,54.4,48.68
45.69,33.16,62.1,48.8,59.56
60.49,68.3,38.94,47.02,48.91
58.41,39.4,43.95,52.27,70.9
48.49,61.78,47.71,35.02,42.6
67.55,58.52,67.7,70.36,49.05
57.47,36.19,47.14,51.02,44.29
39.68,45.2,57.42,61.06,57.0
34.13,68.67,48.97,40.69,59.68
36.19,64.74,36.61,49.17,63.64
37.44,57.56,41.97,61.03,37.74
33.44,57.15,64.28,58.52,68.92
61.88,51.81,57.74,60.45,58.25
62.74,52.92,57.06,55.62,71.48
38.92,57.83,54.31,63.98,51.16
56.79,41.9,48.66,55.16,69.41
70.81,55.03,64.03,48.55,33.48
67.61,69.55,46.48,52.46,51.28
53.65,72.21,69.72,36.09,60.27
34.09,72.37,56.83,46.29,46.34
70.1,56.93,39.44,49.34,48.55
62.73,73.29,41.93,64.59,49.67
59.58,73.44,64.25,42.57,64.12
66.23,64.25,54.24,72.26,53.47
56.75,61.07,66.94,40.9,59.68
38.93,52.85,49.75,42.93,59.8
70.62,34.43,49.28,54.19,53.17
68.37,60.96,66.79,69.6,43.81
64.48,43.07,33.68,53.97,61.35
72.2,71.59,51.8,48.25,41.71
43.53,58.22,43.46,48.0,42.89
65.56,40.98,41.1,73.02,40.25
34.37,57.41,38.17,32.36,63.96
48.85,70.27,32.49,41.43,67.03
40.63,45.16,70.97,35.47,38.0
38.48,58.18,55.81,34.5,36.34
64.91,42.4,47.07,71.92,64.05
35.84,57.11,40.1,62.23,55.96
59.24,61.67,64.04,42.18,72.63
43.38,45.22,48.76,59.86,63.39
69.65,41.31,42.56,34.84,38.29
47.51,50.58,61.9,58.11,46.03
48.65,37.78,37.26,53.63,34.04
71.19,64.58,66.75,42.31,72.32
35.84,67.68,36.0,73.06,69.16
71.39,70.39,55.93,63.96,55.06
53.22,65.75,54.95,74.12,66.03
41.4,46.96,57.98,53.79,53.93
66.58,39.01,51.18,49.05,34.1
48.36,44.55,57.84,73.17,51.34
71.03,43.88,73.99,53.05,41.09
62.25,32.95,36.05,53.25,47.49
44.61,64.45,40.98,65.77,48.65
35.76,57.4,66.43,51.05,73.66
40.62,65.0,62.68,49.02,64.27
73.29,58.76,54.39,60.47,67.66
33.46,59.66,48.19,43.67,37.88
33.5,35.61,59.67,55.5,54.07
43.15,45.18,39.33,55.98,61.88
72.17,64.69,54.73,53.27,48.67
72.92,71.06,50.6,43.81,65.87
47.91,64.04,46.37,56.91,47.31
50.58,49.54,45.64,36.03,40.72
32.69,41.33,66.52,67.22,65.92
37.08,60.38,35.93,42.47,68.61
73.5,41.52,58.53,70.91,66.3
53.27,50.32,55.53,55.5,36.1
43.96,46.15,35.81,41.65,56.66
32.99,61.96,45.35,61.74,59.98
43.02,59.12,40.96,37.56,50.45
71.32,69.98,50.34,72.85,58.18
66.43,43.31,56.44,72.98,34.74
68.93,46.03,54.62,67.22,57.77
51.79,55.31,46.68,45.02,57.98
52.11,64.41,70.71,68.46,44.09
55.63,50.04,62.52,35.14,46.55
37.17,33.87,42.38,38.53,57.0
71.78,42.31,36.61,69.95,71.94
44.08,58.38,46.73,73.39,38.87
63.47,40.08,51.69,59.73,41.77
63.35,49.01,54.17,37.9,35.94
47.04,53.96,66.39,70.11,68.07
62.42,36.99,66.63,56.4,67.33
72.78,41.66,58.23,36.25,36.41
54.0,59.65,43.67,50.27,55.08
58.79,37.03,56.39,35.02,34.94
51.5,38.98,61.69,42.85,53.71
58.57,69.13,68.46,42.95,41.2
34.78,66.75,57.14,66.01,43.97
61.99,72.18,32.98,55.0,68.31
60.96,51.66,69.76,40.79,44.41
32.57,60.85,46.68,65.61,47.66
58.85,43.24,59.95,49.93,46.95
33.74,36.78,65.32,61.37,44.01
56.81,67.39,65.48,41.19,38.72
53.69,41.35,52.21,36.1,34.19
44.9,41.24,35.49,65.09,46.51
35.17,48.41,32.63,33.31,60.28
73.94,66.87,73.46,69.22,56.02
57.66,47.26,42.77,55.04,51.51
57.75,58.88,36.85,43.34,57.25
41.56,58.39,53.85,63.77,47.14
70.62,37.21,52.13,73.22,32.89
